"Name","Chromosome","Region","Max group mean","Log? fold change","Fold change","P-value","FDR p-value","Bonferroni","ENSEMBL"
"RP11-148M9.1","16","80074559..80079642","0","NaN","NaN","NaN","NaN","NaN","http://www.ensembl.org/id/ENSG00000260237"
"RP11-525K10.1","16","80099733..80201474","0","NaN","NaN","NaN","NaN","NaN","http://www.ensembl.org/id/ENSG00000260706"
"RP11-525K10.3","16","complement(80188950..80597032)","7.3208829272","-0.4892323577","-1.4036977847","0.6826053737","0.9582506781","1","http://www.ensembl.org/id/ENSG00000259867"
"RP11-525K10.2","16","80213026..80214579","0","NaN","NaN","NaN","NaN","NaN","http://www.ensembl.org/id/ENSG00000261376"
"DYNLRB2","16","80574631..80584657","65.2496319614","1.2118398456","2.3163284611","0.3049883469","0.9582506781","1","http://www.ensembl.org/id/ENSG00000168589"
"RP11-109P11.1","16","complement(80581739..80586411)","0","NaN","NaN","NaN","NaN","NaN","http://www.ensembl.org/id/ENSG00000260183"
"RP11-18F14.1","16","complement(80600691..80606705)","0","NaN","NaN","NaN","NaN","NaN","http://www.ensembl.org/id/ENSG00000260737"
"CDYL2","16","complement(80631803..80838226)","251.3435216557","0.5932677059","1.508659997","6.706E-4","0.0300781666","0.1736927259","http://www.ensembl.org/id/ENSG00000166446"
"RP11-18F14.4","16","complement(80661448..80662276)","0","NaN","NaN","NaN","NaN","NaN","http://www.ensembl.org/id/ENSG00000260064"
"AC092332.1","16","complement(80699358..80699460)","0","NaN","NaN","NaN","NaN","NaN","http://www.ensembl.org/id/ENSG00000265341"
"CTD-2055G21.1","16","80770257..80776202","0","NaN","NaN","NaN","NaN","NaN","http://www.ensembl.org/id/ENSG00000260594"
"RP11-314O13.1","16","complement(80862632..80926492)","10.739381521","-0.7919356681","-1.7313959239","0.4938077048","0.9582506781","1","http://www.ensembl.org/id/ENSG00000260896"
"CMC2","16","complement(81009698..81053875)","576.6121180409","0.3263136693","1.253805592","0.060085347","0.9582506781","1","http://www.ensembl.org/id/ENSG00000103121"
"CENPN","16","81040103..81066719","327.6512430528","0.2639055418","1.2007248093","0.2837762503","0.9582506781","1","http://www.ensembl.org/id/ENSG00000166451"
"RP11-303E16.3","16","complement(81050397..81069364)","6.6536399043","0.3845462183","1.3054491098","0.8333178454","0.9582506781","1","http://www.ensembl.org/id/ENSG00000260213"
"RP11-303E16.2","16","81064375..81065090","0","NaN","NaN","NaN","NaN","NaN","http://www.ensembl.org/id/ENSG00000261061"
"ATMIN","16","81069452..81080963","3126.0282643046","-0.1381069492","-1.1004601852","0.4291035594","0.9582506781","1","http://www.ensembl.org/id/ENSG00000166454"
"C16orf46","16","complement(81087102..81110872)","86.3136609227","-1.148598563","-2.2169843146","0.1839292787","0.9582506781","1","http://www.ensembl.org/id/ENSG00000166455"
"RP11-303E16.8","16","complement(81087270..81121256)","107.4161016616","-0.1207860415","-1.0873271232","0.896508823","0.9582506781","1","http://www.ensembl.org/id/ENSG00000260643"
"RP11-303E16.5","16","81088906..81090031","41.8227773852","1.7871082137","3.4512242379","0.2556019929","0.9582506781","1","http://www.ensembl.org/id/ENSG00000261141"
"RP11-303E16.6","16","81103459..81110203","0","NaN","NaN","NaN","NaN","NaN","http://www.ensembl.org/id/ENSG00000261838"
"RP11-303E16.7","16","81110924..81112466","8.5677844724","2.5649812646","5.91747319","0.3943830427","0.9582506781","1","http://www.ensembl.org/id/ENSG00000245059"
"GCSH","16","complement(81115566..81130008)","1556.6481541896","0.0437332818","1.0307777362","0.9265181281","0.9582506781","1","http://www.ensembl.org/id/ENSG00000140905"
"PKD1L2","16","complement(81134480..81253975)","147.3058205015","-1.0683381589","-2.0970164212","1.553E-3","0.0502885494","0.4023083955","http://www.ensembl.org/id/ENSG00000166473"
"RNU6-1191P","16","complement(81140138..81140244)","0","NaN","NaN","NaN","NaN","NaN","http://www.ensembl.org/id/ENSG00000252608"
"BCMO1","16","81272053..81324747","15.2289682687","-2.3063259006","-4.9462182537","0.1002079896","0.9582506781","1","http://www.ensembl.org/id/ENSG00000135697"
"RP11-55K13.1","16","complement(81344336..81347028)","0","NaN","NaN","NaN","NaN","NaN","http://www.ensembl.org/id/ENSG00000260495"
"GAN","16","81348557..81424489","167.0656578193","0.5445821431","1.4585978202","0.0769339733","0.9582506781","1","http://www.ensembl.org/id/ENSG00000261609"
"MIR4720","16","81418623..81418698","0","NaN","NaN","NaN","NaN","NaN","http://www.ensembl.org/id/ENSG00000273048"
"RP11-391L3.1","16","81419068..81421165","0","NaN","NaN","NaN","NaN","NaN","http://www.ensembl.org/id/ENSG00000272923"
"CMIP","16","81478775..81745367","644.9340066014","-0.3076468295","-1.2376872689","0.2744831396","0.9582506781","1","http://www.ensembl.org/id/ENSG00000153815"
"RP11-391L3.5","16","complement(81509628..81510124)","0","NaN","NaN","NaN","NaN","NaN","http://www.ensembl.org/id/ENSG00000260229"
"RP11-960L18.1","16","81771853..81801311","0","NaN","NaN","NaN","NaN","NaN","http://www.ensembl.org/id/ENSG00000261218"
"PLCG2","16","81772702..81991899","53.7854762659","1.7254700926","3.3068786215","0.1452855798","0.9582506781","1","http://www.ensembl.org/id/ENSG00000197943"
"7SK","16","81993524..81996298","0","NaN","NaN","NaN","NaN","NaN","http://www.ensembl.org/id/ENSG00000260682"
"SDR42E1","16","complement(82031221..82045093)","18.7058931698","0.6236565554","1.5407753797","0.6469252645","0.9582506781","1","http://www.ensembl.org/id/ENSG00000184860"
"HSD17B2","16","82068609..82132139","109.4664011498","-0.2496540212","-1.1889219604","0.8538141614","0.9582506781","1","http://www.ensembl.org/id/ENSG00000086696"
"RP11-510J16.5","16","complement(82077941..82173236)","0","NaN","NaN","NaN","NaN","NaN","http://www.ensembl.org/id/ENSG00000261235"
"AC138304.1","16","82144658..82144758","0","NaN","NaN","NaN","NaN","NaN","http://www.ensembl.org/id/ENSG00000263636"
"CTD-2588J6.1","16","complement(82154243..82155374)","0","NaN","NaN","NaN","NaN","NaN","http://www.ensembl.org/id/ENSG00000260161"
"MPHOSPH6","16","complement(82181403..82203831)","1497.2248289186","0.1777051405","1.1310832673","0.4367398166","0.9582506781","1","http://www.ensembl.org/id/ENSG00000135698"
"CTD-2588J6.2","16","82203901..82209408","0","NaN","NaN","NaN","NaN","NaN","http://www.ensembl.org/id/ENSG00000261029"
"RN7SKP190","16","complement(82226110..82226395)","0","NaN","NaN","NaN","NaN","NaN","http://www.ensembl.org/id/ENSG00000251888"
"AC024590.1","16","complement(82381112..82381184)","0","NaN","NaN","NaN","NaN","NaN","http://www.ensembl.org/id/ENSG00000264502"
"RP11-481E4.1","16","82468433..82468986","0","NaN","NaN","NaN","NaN","NaN","http://www.ensembl.org/id/ENSG00000259873"
"snoU13_1","16","82487925..82488023","0","NaN","NaN","NaN","NaN","NaN","http://www.ensembl.org/id/ENSG00000238321"
"RP11-481E4.2","16","complement(82529598..82544524)","0","NaN","NaN","NaN","NaN","NaN","http://www.ensembl.org/id/ENSG00000261285"
"RP11-2L4.1","16","complement(82587654..82608815)","0","NaN","NaN","NaN","NaN","NaN","http://www.ensembl.org/id/ENSG00000261176"
"CDH13","16","82660408..83830204","1001.2753042939","0.1193312579","1.0862312378","0.6756215931","0.9582506781","1","http://www.ensembl.org/id/ENSG00000140945"
"RP11-22H5.2","16","82806924..82863243","0","NaN","NaN","NaN","NaN","NaN","http://www.ensembl.org/id/ENSG00000260862"
"AC099506.1","16","82875691..82875805","0","NaN","NaN","NaN","NaN","NaN","http://www.ensembl.org/id/ENSG00000221395"
"RN7SL134P","16","82878060..82878358","0","NaN","NaN","NaN","NaN","NaN","http://www.ensembl.org/id/ENSG00000263360"
"CTD-3253I12.1","16","complement(82986835..83023903)","0","NaN","NaN","NaN","NaN","NaN","http://www.ensembl.org/id/ENSG00000260832"
"RP11-543N12.1","16","complement(83416612..83431775)","0","NaN","NaN","NaN","NaN","NaN","http://www.ensembl.org/id/ENSG00000261410"
"AC009142.1","16","complement(83434148..83434220)","0","NaN","NaN","NaN","NaN","NaN","http://www.ensembl.org/id/ENSG00000222299"
"MIR3182","16","83541951..83542013","0","NaN","NaN","NaN","NaN","NaN","http://www.ensembl.org/id/ENSG00000263785"
"RP11-298D21.3","16","complement(83743784..83751503)","0","NaN","NaN","NaN","NaN","NaN","http://www.ensembl.org/id/ENSG00000261103"
"RP11-298D21.1","16","complement(83754724..83806541)","0","NaN","NaN","NaN","NaN","NaN","http://www.ensembl.org/id/ENSG00000260788"
"RP11-298D21.2","16","complement(83759281..83759982)","0","NaN","NaN","NaN","NaN","NaN","http://www.ensembl.org/id/ENSG00000259914"
"RP11-483P21.2","16","complement(83823572..83841439)","5.81518996","0.3845462183","1.3054491098","0.8333178454","0.9582506781","1","http://www.ensembl.org/id/ENSG00000260228"
"RP11-483P21.3","16","83831266..83834245","0","NaN","NaN","NaN","NaN","NaN","http://www.ensembl.org/id/ENSG00000260523"
"HSBP1","16","83841448..83853342","5010.768422545","0.1321053457","1.0958917856","0.4056569605","0.9582506781","1","http://www.ensembl.org/id/ENSG00000230989"
"MLYCD","16","83932731..83949787","1163.096813466","0.9467550585","1.9275323303","9.171E-7","5.938E-5","2.375E-4","http://www.ensembl.org/id/ENSG00000103150"
"RP11-505K9.4","16","83941738..83985058","27.2844457264","0.2322297764","1.1746490414","0.8344961321","0.9582506781","1","http://www.ensembl.org/id/ENSG00000260300"
"RP11-483P21.6","16","complement(83963401..83964828)","16.5572815381","2.5649812646","5.91747319","0.3943830427","0.9582506781","1","http://www.ensembl.org/id/ENSG00000260932"
"OSGIN1","16","83981887..83999937","676.3015307216","0.2253719496","1.1690786167","0.508643468","0.9582506781","1","http://www.ensembl.org/id/ENSG00000140961"
"NECAB2","16","84002237..84036381","11.0293545391","1.3458217696","2.5417493517","0.2573884682","0.9582506781","1","http://www.ensembl.org/id/ENSG00000103154"
"SLC38A8","16","complement(84043272..84076241)","0","NaN","NaN","NaN","NaN","NaN","http://www.ensembl.org/id/ENSG00000166558"
"RNA5SP432","16","complement(84073523..84073638)","0","NaN","NaN","NaN","NaN","NaN","http://www.ensembl.org/id/ENSG00000199350"
"MBTPS1","16","complement(84087368..84150511)","4286.9773505383","-0.0729125636","-1.0518380292","0.7560214982","0.9582506781","1","http://www.ensembl.org/id/ENSG00000140943"
"RP11-505K9.1","16","84150656..84151176","0","NaN","NaN","NaN","NaN","NaN","http://www.ensembl.org/id/ENSG00000260018"
"RP11-505K9.3","16","84152898..84154758","0","NaN","NaN","NaN","NaN","NaN","http://www.ensembl.org/id/ENSG00000260410"
"HSDL1","16","complement(84155886..84178797)","1266.9609581166","-0.1240549718","-1.0897936365","0.6164238339","0.9582506781","1","http://www.ensembl.org/id/ENSG00000103160"
"DNAAF1","16","84178865..84212373","2.711118209","-0.1059197519","-1.0761802619","0.934929397","0.9582506781","1","http://www.ensembl.org/id/ENSG00000154099"
"TAF1C","16","complement(84211458..84220669)","1367.9790044424","-0.0238507155","-1.0166694668","0.8920680632","0.9582506781","1","http://www.ensembl.org/id/ENSG00000103168"
"ADAD2","16","84224744..84230774","1.4977883672","2.5646619543","5.9161636263","0.3944517743","0.9582506781","1","http://www.ensembl.org/id/ENSG00000140955"
"RP11-486L19.2","16","complement(84226164..84230659)","0","NaN","NaN","NaN","NaN","NaN","http://www.ensembl.org/id/ENSG00000250685"
"KCNG4","16","complement(84255823..84273356)","0","NaN","NaN","NaN","NaN","NaN","http://www.ensembl.org/id/ENSG00000168418"
"RP11-558A11.1","16","complement(84288876..84294655)","0","NaN","NaN","NaN","NaN","NaN","http://www.ensembl.org/id/ENSG00000260858"
"RNA5SP433","16","complement(84296421..84296534)","0","NaN","NaN","NaN","NaN","NaN","http://www.ensembl.org/id/ENSG00000201361"
"WFDC1","16","84328252..84363450","986.4222580587","1.6310437247","3.0973699839","8.16E-3","0.1761294434","1","http://www.ensembl.org/id/ENSG00000103175"
"RP11-558A11.2","16","complement(84329104..84330591)","22.408051697","2.5649812646","5.91747319","0.3943830427","0.9582506781","1","http://www.ensembl.org/id/ENSG00000260530"
"RP11-558A11.3","16","complement(84376070..84377013)","0","NaN","NaN","NaN","NaN","NaN","http://www.ensembl.org/id/ENSG00000260504"
"ATP2C2","16","84402133..84497793","3.6799091454","1.327190187","2.5091351604","0.4299333089","0.9582506781","1","http://www.ensembl.org/id/ENSG00000064270"
"RP11-517C16.2","16","complement(84492865..84500967)","17.0950577248","-0.3708240613","-1.293091228","0.7270387782","0.9582506781","1","http://www.ensembl.org/id/ENSG00000261286"
"TLDC1","16","complement(84511681..84587639)","1003.1186164978","0.1632947994","1.119841693","0.4314836977","0.9582506781","1","http://www.ensembl.org/id/ENSG00000140950"
"RP11-517C16.4","16","84529205..84531101","0","NaN","NaN","NaN","NaN","NaN","http://www.ensembl.org/id/ENSG00000261243"
"COTL1","16","complement(84599200..84651683)","3924.9568182585","0.3824206514","1.3035271677","0.0877676631","0.9582506781","1","http://www.ensembl.org/id/ENSG00000103187"
"RP11-61F12.1","16","84627999..84630432","0","NaN","NaN","NaN","NaN","NaN","http://www.ensembl.org/id/ENSG00000261471"
"KLHL36","16","84682131..84701292","1946.8641153379","0.2456278604","1.1856086352","0.1042194954","0.9582506781","1","http://www.ensembl.org/id/ENSG00000135686"
"USP10","16","84733584..84813528","2090.4064621461","0.2200591082","1.1647813074","0.097987589","0.9582506781","1","http://www.ensembl.org/id/ENSG00000103194"
"CRISPLD2","16","84853590..84954374","8874.5256995774","2.8407007918","7.1636794929","0","0","0","http://www.ensembl.org/id/ENSG00000103196"
"RP11-254F19.2","16","84861869..84862848","23.6823383751","2.5646619543","5.9161636263","0.3944517743","0.9582506781","1","http://www.ensembl.org/id/ENSG00000260859"
"AC025280.1","16","84886574..84886673","0","NaN","NaN","NaN","NaN","NaN","http://www.ensembl.org/id/ENSG00000265249"
"RP11-254F19.3","16","84961959..84973209","0","NaN","NaN","NaN","NaN","NaN","http://www.ensembl.org/id/ENSG00000260340"
"ZDHHC7","16","complement(85007787..85045141)","12448.2502416244","0.2050950269","1.152762274","0.3998463667","0.9582506781","1","http://www.ensembl.org/id/ENSG00000153786"
"KIAA0513","16","85061375..85127836","1857.9821789272","-0.2259960627","-1.1695844721","0.4137964147","0.9582506781","1","http://www.ensembl.org/id/ENSG00000135709"
"FAM92B","16","complement(85131965..85146114)","17.9876945152","2.177810439","4.5246633001","0.2094657854","0.9582506781","1","http://www.ensembl.org/id/ENSG00000153789"
"CTC-786C10.1","16","85204882..85218969","353.637537654","-1.0573232508","-2.0810667655","0.0191494104","0.381515176","1","http://www.ensembl.org/id/ENSG00000262601"
"COX6CP16","16","complement(85312426..85312641)","0","NaN","NaN","NaN","NaN","NaN","http://www.ensembl.org/id/ENSG00000270313"
"LINC00311","16","85316564..85319569","3.6961104145","-2.1035455431","-4.2976426969","0.5300644969","0.9582506781","1","http://www.ensembl.org/id/ENSG00000179219"
"MIR5093","16","complement(85339832..85339931)","0","NaN","NaN","NaN","NaN","NaN","http://www.ensembl.org/id/ENSG00000266307"
"RP11-680G10.1","16","85391069..85393055","132.9126974293","-2.1206163485","-4.3487969473","0.1340295468","0.9582506781","1","http://www.ensembl.org/id/ENSG00000261567"
"AC092377.1","16","complement(85475029..85475098)","0","NaN","NaN","NaN","NaN","NaN","http://www.ensembl.org/id/ENSG00000264203"
"RP11-118F19.1","16","complement(85613615..85617177)","74.2443877328","-2.3060065903","-4.9451236332","0.1002223562","0.9582506781","1","http://www.ensembl.org/id/ENSG00000270124"
"CTD-2542L18.1","16","85625872..85629326","0","NaN","NaN","NaN","NaN","NaN","http://www.ensembl.org/id/ENSG00000260417"
"GSE1","16","85645015..85709810","915.6099207003","-0.4394788535","-1.3561143681","1.271E-3","0.0470119941","0.3290839584","http://www.ensembl.org/id/ENSG00000131149"
"RN7SL381P","16","85692984..85693279","0","NaN","NaN","NaN","NaN","NaN","http://www.ensembl.org/id/ENSG00000263968"
"GINS2","16","complement(85709804..85723679)","86.2152183789","-0.6026176086","-1.5184691609","0.1819125972","0.9582506781","1","http://www.ensembl.org/id/ENSG00000131153"
"C16orf74","16","complement(85723690..85784735)","523.1978366528","-1.284439004","-2.4358731472","1.358E-7","1.172E-5","3.517E-5","http://www.ensembl.org/id/ENSG00000154102"
"MIR1910","16","complement(85775227..85775306)","0","NaN","NaN","NaN","NaN","NaN","http://www.ensembl.org/id/ENSG00000222190"
"RP11-568J23.4","16","85776893..85777831","0","NaN","NaN","NaN","NaN","NaN","http://www.ensembl.org/id/ENSG00000269898"
"EMC8","16","complement(85805364..85833214)","1759.4077853476","0.3909809142","1.3112846668","7.365E-3","0.1734231775","1","http://www.ensembl.org/id/ENSG00000131148"
"RNU1-103P","16","complement(85815381..85815505)","0","NaN","NaN","NaN","NaN","NaN","http://www.ensembl.org/id/ENSG00000252311"
"RP11-568J23.5","16","85817988..85821223","35.7469258493","1.327190187","2.5091351604","0.4192671804","0.9582506781","1","http://www.ensembl.org/id/ENSG00000270184"
"RP11-568J23.6","16","85826021..85826539","0","NaN","NaN","NaN","NaN","NaN","http://www.ensembl.org/id/ENSG00000270159"
"COX4I1","16","85832239..85840650","13768.4360962557","-0.0431905071","-1.0303900071","0.8339346101","0.9582506781","1","http://www.ensembl.org/id/ENSG00000131143"
"RP11-568J23.7","16","complement(85848031..85848668)","0","NaN","NaN","NaN","NaN","NaN","http://www.ensembl.org/id/ENSG00000270698"
"RP11-568J23.1","16","complement(85849479..85850142)","0","NaN","NaN","NaN","NaN","NaN","http://www.ensembl.org/id/ENSG00000214259"
"IRF8","16","85932409..85956215","1.1212919235","-2.1035455431","-4.2976426969","0.5300644969","0.9582506781","1","http://www.ensembl.org/id/ENSG00000140968"
"RP11-542M13.3","16","complement(85968887..85969829)","0","NaN","NaN","NaN","NaN","NaN","http://www.ensembl.org/id/ENSG00000268804"
"RP11-542M13.2","16","86015356..86018329","0","NaN","NaN","NaN","NaN","NaN","http://www.ensembl.org/id/ENSG00000269667"
"RP11-805I24.1","16","complement(86115015..86123132)","0","NaN","NaN","NaN","NaN","NaN","http://www.ensembl.org/id/ENSG00000261177"
"RP11-805I24.4","16","complement(86191812..86192404)","0","NaN","NaN","NaN","NaN","NaN","http://www.ensembl.org/id/ENSG00000268078"
"RP11-805I24.3","16","complement(86226399..86232519)","31.2925298163","-0.3559587972","-1.2798358617","0.7331183221","0.9582506781","1","http://www.ensembl.org/id/ENSG00000268505"
"LINC01082","16","86229787..86233326","776.0420675923","-0.8566512355","-1.8108301537","0.4618892934","0.9582506781","1","http://www.ensembl.org/id/ENSG00000269186"
"RP11-514D23.3","16","complement(86255029..86256335)","320.9388288602","-0.9592709407","-1.9443270898","0.5702342355","0.9582506781","1","http://www.ensembl.org/id/ENSG00000270058"
"LINC01081","16","complement(86259186..86309351)","82.6059560367","-0.3274113787","-1.2547599432","0.7119005755","0.9582506781","1","http://www.ensembl.org/id/ENSG00000268754"
"Y_RNA","16","complement(86309036..86309129)","0","NaN","NaN","NaN","NaN","NaN","http://www.ensembl.org/id/ENSG00000199949"
"RP11-514D23.1","16","86320033..86326995","2.9817956308","2.5646619543","5.9161636263","0.3944517743","0.9582506781","1","http://www.ensembl.org/id/ENSG00000268532"
"LINC00917","16","complement(86365450..86383289)","0","NaN","NaN","NaN","NaN","NaN","http://www.ensembl.org/id/ENSG00000168367"
"RP11-158I3.3","16","86380993..86383217","0","NaN","NaN","NaN","NaN","NaN","http://www.ensembl.org/id/ENSG00000269826"
"RP11-158I3.1","16","complement(86468436..86469490)","7.7797162756","-2.1035455431","-4.2976426969","0.5300644969","0.9582506781","1","http://www.ensembl.org/id/ENSG00000268473"
"FENDRR","16","complement(86508135..86542705)","2451.6333999362","-0.440094626","-1.3566933097","0.1142916067","0.9582506781","1","http://www.ensembl.org/id/ENSG00000268388"
"FOXF1","16","86544133..86548076","7187.8141741671","0.1959939152","1.1455130666","0.2150259445","0.9582506781","1","http://www.ensembl.org/id/ENSG00000103241"
"RP11-463O9.9","16","complement(86553989..86557503)","0","NaN","NaN","NaN","NaN","NaN","http://www.ensembl.org/id/ENSG00000270020"
"RP11-463O9.1","16","86559063..86559858","0","NaN","NaN","NaN","NaN","NaN","http://www.ensembl.org/id/ENSG00000243697"
"MTHFSD","16","complement(86563782..86588841)","714.1031955494","-0.5942588327","-1.5096967977","0.2250770026","0.9582506781","1","http://www.ensembl.org/id/ENSG00000103248"
"RP11-463O9.5","16","complement(86598751..86601367)","0","NaN","NaN","NaN","NaN","NaN","http://www.ensembl.org/id/ENSG00000260944"
"FOXC2","16","86600857..86602539","167.3308978918","0.2271200647","1.1704960491","0.8293785567","0.9582506781","1","http://www.ensembl.org/id/ENSG00000176692"
"FOXL1","16","86609974..86615303","1858.241281475","0.0167898235","1.0117058017","0.9546220533","0.9582506781","1","http://www.ensembl.org/id/ENSG00000176678"
"RP11-463O9.6","16","complement(86669934..86670751)","0","NaN","NaN","NaN","NaN","NaN","http://www.ensembl.org/id/ENSG00000260387"
"RP11-58A18.1","16","86679907..86702529","0","NaN","NaN","NaN","NaN","NaN","http://www.ensembl.org/id/ENSG00000261161"
"CTD-2015G9.1","16","complement(86754294..86755560)","0","NaN","NaN","NaN","NaN","NaN","http://www.ensembl.org/id/ENSG00000260026"
"CTD-2015G9.2","16","86755697..86771432","0","NaN","NaN","NaN","NaN","NaN","http://www.ensembl.org/id/ENSG00000261175"
"RP11-107C10.1","16","complement(86939781..86940078)","0","NaN","NaN","NaN","NaN","NaN","http://www.ensembl.org/id/ENSG00000260795"
"RP11-134D3.1","16","87091390..87097597","0","NaN","NaN","NaN","NaN","NaN","http://www.ensembl.org/id/ENSG00000232190"
"RP11-134D3.2","16","87100311..87103354","0","NaN","NaN","NaN","NaN","NaN","http://www.ensembl.org/id/ENSG00000261363"
"C16orf95","16","complement(87117168..87351022)","137.2113371074","0.4962605389","1.4105526717","0.5795124516","0.9582506781","1","http://www.ensembl.org/id/ENSG00000260456"
"RP11-899L11.1","16","87245728..87260036","0","NaN","NaN","NaN","NaN","NaN","http://www.ensembl.org/id/ENSG00000261095"
"RP11-899L11.3","16","87249521..87250058","0","NaN","NaN","NaN","NaN","NaN","http://www.ensembl.org/id/ENSG00000261651"
"RP11-178L8.5","16","complement(87296365..87326044)","0","NaN","NaN","NaN","NaN","NaN","http://www.ensembl.org/id/ENSG00000261697"
"RP11-178L8.1","16","87301791..87301943","0","NaN","NaN","NaN","NaN","NaN","http://www.ensembl.org/id/ENSG00000243705"
"RP11-178L8.4","16","complement(87336482..87367879)","163.8752041929","-0.6387555458","-1.5569855398","0.7055727727","0.9582506781","1","http://www.ensembl.org/id/ENSG00000131152"
"snoU13_2","16","87348326..87348429","0","NaN","NaN","NaN","NaN","NaN","http://www.ensembl.org/id/ENSG00000239186"
"RP11-178L8.7","16","87351115..87351643","114.0300647814","-2.3060660615","-4.9453274868","0.1009589743","0.9582506781","1","http://www.ensembl.org/id/ENSG00000270006"
"RP11-178L8.8","16","87360593..87361190","0","NaN","NaN","NaN","NaN","NaN","http://www.ensembl.org/id/ENSG00000270082"
"FBXO31","16","complement(87360593..87425748)","2047.0328677986","0.134529832","1.0977350085","0.568361898","0.9582506781","1","http://www.ensembl.org/id/ENSG00000103264"
"RP11-178L8.9","16","87396142..87401082","41.4299978042","3.5067265301","11.3665815503","0.2346595611","0.9582506781","1","http://www.ensembl.org/id/ENSG00000269901"
"MAP1LC3B","16","87417601..87438385","7805.8666035482","0.0525995485","1.037132018","0.7966387486","0.9582506781","1","http://www.ensembl.org/id/ENSG00000140941"
"RP11-178L8.3","16","complement(87430310..87433901)","36.0082337868","3.9668456568","15.6364993409","0.1651600068","0.9582506781","1","http://www.ensembl.org/id/ENSG00000261592"
"ZCCHC14","16","complement(87439852..87525651)","2171.106206304","-0.1460363883","-1.106525262","0.5122126511","0.9582506781","1","http://www.ensembl.org/id/ENSG00000140948"
"RP11-482M8.1","16","87526161..87549241","24.369217706","-1.9072481948","-3.7509296236","0.1826254239","0.9582506781","1","http://www.ensembl.org/id/ENSG00000260750"
"RP11-482M8.3","16","complement(87634132..87635796)","0","NaN","NaN","NaN","NaN","NaN","http://www.ensembl.org/id/ENSG00000269935"
"JPH3","16","87635441..87731762","1.8776669343","-0.4471240211","-1.3633197999","0.7961601405","0.9582506781","1","http://www.ensembl.org/id/ENSG00000154118"
"AC010536.1","16","complement(87727144..87729753)","12.4994868383","-1.9075079786","-3.7516051082","0.1826077233","0.9582506781","1","http://www.ensembl.org/id/ENSG00000226180"
"KLHDC4","16","complement(87730091..87799598)","212.8098601287","-0.2357558456","-1.1775234947","0.1073133744","0.9582506781","1","http://www.ensembl.org/id/ENSG00000104731"
"FLJ00104","16","complement(87731749..87739290)","151.1373032781","-0.013384332","-1.0093204796","0.9582506781","0.9582506781","1","http://www.ensembl.org/id/ENSG00000205047"
"RP11-278A23.2","16","complement(87773369..87781312)","0","NaN","NaN","NaN","NaN","NaN","http://www.ensembl.org/id/ENSG00000260671"
"RP4-536B24.4","16","complement(87807094..87812980)","0","NaN","NaN","NaN","NaN","NaN","http://www.ensembl.org/id/ENSG00000260498"
"RP4-536B24.3","16","complement(87813740..87840082)","0","NaN","NaN","NaN","NaN","NaN","http://www.ensembl.org/id/ENSG00000260177"
"SLC7A5","16","complement(87863629..87903094)","1499.3452166669","-1.3137482021","-2.4858654344","6.968E-4","0.0300781666","0.1804689999","http://www.ensembl.org/id/ENSG00000103257"
"RP4-536B24.2","16","87870138..87871269","0","NaN","NaN","NaN","NaN","NaN","http://www.ensembl.org/id/ENSG00000260466"
"CA5A","16","complement(87921625..87970135)","0","NaN","NaN","NaN","NaN","NaN","http://www.ensembl.org/id/ENSG00000174990"
"GS1-21A4.1","16","complement(87926544..87927291)","36.8551368654","3.4301692457","10.7791330643","0.2337580867","0.9582506781","1","http://www.ensembl.org/id/ENSG00000260603"
"GS1-21A4.2","16","87926561..87927341","0","NaN","NaN","NaN","NaN","NaN","http://www.ensembl.org/id/ENSG00000270385"
"CTD-3057O21.1","16","complement(87978664..87978808)","0","NaN","NaN","NaN","NaN","NaN","http://www.ensembl.org/id/ENSG00000260443"
"BANP","16","87982850..88110924","307.7375461984","-0.5712175795","-1.4857769807","4.815E-3","0.1247024822","1","http://www.ensembl.org/id/ENSG00000172530"
"RP11-863P13.5","16","complement(88112767..88120989)","9.6012707474","-2.1034858661","-4.2974649288","0.5300773968","0.9582506781","1","http://www.ensembl.org/id/ENSG00000261193"
"RP11-863P13.6","16","88120993..88121538","0","NaN","NaN","NaN","NaN","NaN","http://www.ensembl.org/id/ENSG00000260166"
"RP11-863P13.4","16","complement(88121647..88134591)","22.7297150061","-2.2930671693","-4.9009695028","0.0977479473","0.9582506781","1","http://www.ensembl.org/id/ENSG00000205037"
"RP11-863P13.1","16","88210895..88212252","9.5199159688","-2.1035455431","-4.2976426969","0.5300644969","0.9582506781","1","http://www.ensembl.org/id/ENSG00000260162"
"RP11-863P13.3","16","complement(88210904..88219696)","199.0959435371","-0.1225792009","-1.0886794277","0.7858159028","0.9582506781","1","http://www.ensembl.org/id/ENSG00000261327"
"RP11-863P13.2","16","complement(88225092..88227273)","12.0880863689","-2.1034858661","-4.2974649288","0.5300773968","0.9582506781","1","http://www.ensembl.org/id/ENSG00000261816"
"LA16c-444G7.2","16","88227920..88228823","33.2885107172","3.4301692457","10.7791330643","0.2337580867","0.9582506781","1","http://www.ensembl.org/id/ENSG00000260420"
"LA16c-444G7.1","16","88268391..88336117","0","NaN","NaN","NaN","NaN","NaN","http://www.ensembl.org/id/ENSG00000261273"
"ZNF469","16","88493879..88507165","580.8243097674","-0.2207027124","-1.1653010467","0.3859519425","0.9582506781","1","http://www.ensembl.org/id/ENSG00000225614"
"ZFPM1","16","88519725..88603424","201.4489271204","-0.3176771056","-1.2463222195","0.2376585761","0.9582506781","1","http://www.ensembl.org/id/ENSG00000179588"
"MIR5189","16","88535326..88535439","0","NaN","NaN","NaN","NaN","NaN","http://www.ensembl.org/id/ENSG00000263456"
"RP11-21B21.4","16","complement(88579368..88597461)","37.1849253755","-4.1452154106","-17.6943322185","0.1943883644","0.9582506781","1","http://www.ensembl.org/id/ENSG00000261744"
"ZC3H18","16","88636789..88698374","1111.4720180793","-0.0650037344","-1.0460876475","0.5049606957","0.9582506781","1","http://www.ensembl.org/id/ENSG00000158545"
"IL17C","16","88704999..88706881","4.4651254369","2.5646619543","5.9161636263","0.3944517743","0.9582506781","1","http://www.ensembl.org/id/ENSG00000124391"
"CYBA","16","complement(88709691..88717560)","2494.7549327165","0.2003801799","1.1490011006","0.1393993372","0.9582506781","1","http://www.ensembl.org/id/ENSG00000051523"
"MVD","16","complement(88718343..88729569)","910.7536346837","-0.1724104819","-1.1269398247","0.4528101474","0.9582506781","1","http://www.ensembl.org/id/ENSG00000167508"
"SNAI3-AS1","16","88729706..88753594","156.5987247367","-1.3925624428","-2.6254458546","0.0770845432","0.9582506781","1","http://www.ensembl.org/id/ENSG00000260630"
"SNAI3","16","complement(88744090..88752901)","44.1123213354","-2.1489567923","-4.4350697452","0.1265677172","0.9582506781","1","http://www.ensembl.org/id/ENSG00000185669"
"RNF166","16","complement(88762903..88772829)","401.0249531225","-0.114820251","-1.0828401234","0.6295928428","0.9582506781","1","http://www.ensembl.org/id/ENSG00000158717"
"RP5-1142A6.5","16","88762909..88765018","0","NaN","NaN","NaN","NaN","NaN","http://www.ensembl.org/id/ENSG00000259813"
"CTU2","16","88772871..88781794","534.9196401673","-0.018360578","-1.0128079105","0.8999064581","0.9582506781","1","http://www.ensembl.org/id/ENSG00000174177"
"PIEZO1","16","complement(88781751..88851619)","3623.7293925232","-0.0755149761","-1.0537371048","0.7742826541","0.9582506781","1","http://www.ensembl.org/id/ENSG00000103335"
"MIR4722","16","complement(88782686..88782745)","0","NaN","NaN","NaN","NaN","NaN","http://www.ensembl.org/id/ENSG00000265672"
"RP5-1142A6.9","16","88785023..88786867","0","NaN","NaN","NaN","NaN","NaN","http://www.ensembl.org/id/ENSG00000260121"
"RP5-1142A6.2","16","88797588..88807826","34.8449457811","-0.1221407569","-1.0883486215","0.7775851447","0.9582506781","1","http://www.ensembl.org/id/ENSG00000224888"
"RP5-1142A6.7","16","88808039..88808775","0","NaN","NaN","NaN","NaN","NaN","http://www.ensembl.org/id/ENSG00000260617"
"RP5-1142A6.8","16","88809175..88812156","5.1725727516","-0.4471836701","-1.3633761682","0.782693985","0.9582506781","1","http://www.ensembl.org/id/ENSG00000182376"
"CDT1","16","88869621..88875666","79.7264594092","0.17056752","1.1255011415","0.78362187","0.9582506781","1","http://www.ensembl.org/id/ENSG00000167513"
"APRT","16","complement(88875747..88878352)","5099.5715804162","0.0215545031","1.0150526093","0.825235993","0.9582506781","1","http://www.ensembl.org/id/ENSG00000198931"
"GALNS","16","complement(88880142..88923378)","801.1459409726","0.0177107694","1.0123518313","0.9506845259","0.9582506781","1","http://www.ensembl.org/id/ENSG00000141012"
"AC092384.1","16","88894366..88894545","0","NaN","NaN","NaN","NaN","NaN","http://www.ensembl.org/id/ENSG00000269422"
"TRAPPC2L","16","88922628..88929094","1931.0904967697","-0.1759294102","-1.1296919384","0.0785837894","0.9582506781","1","http://www.ensembl.org/id/ENSG00000167515"
"PABPN1L","16","complement(88928034..88933068)","0","NaN","NaN","NaN","NaN","NaN","http://www.ensembl.org/id/ENSG00000205022"
"CBFA2T3","16","complement(88941266..89043612)","5.6037605108","-1.9076270328","-3.7519147112","0.1825774994","0.9582506781","1","http://www.ensembl.org/id/ENSG00000129993"
"RP11-830F9.5","16","88947446..88953544","0","NaN","NaN","NaN","NaN","NaN","http://www.ensembl.org/id/ENSG00000259881"
"RP11-830F9.7","16","complement(89003187..89006059)","0","NaN","NaN","NaN","NaN","NaN","http://www.ensembl.org/id/ENSG00000261226"
"RP11-830F9.6","16","89006197..89017932","0","NaN","NaN","NaN","NaN","NaN","http://www.ensembl.org/id/ENSG00000205018"
"CTD-2555A7.1","16","89050440..89061777","0","NaN","NaN","NaN","NaN","NaN","http://www.ensembl.org/id/ENSG00000259989"
"CTD-2555A7.2","16","complement(89112580..89119373)","0","NaN","NaN","NaN","NaN","NaN","http://www.ensembl.org/id/ENSG00000256982"
"ACSF3","16","89154783..89222254","448.5857092093","0.0846590288","1.0604370846","0.8730602085","0.9582506781","1","http://www.ensembl.org/id/ENSG00000176715"
"CTD-2555A7.3","16","complement(89179583..89181687)","0","NaN","NaN","NaN","NaN","NaN","http://www.ensembl.org/id/ENSG00000261546"
"LINC00304","16","89225554..89230653","40.74370133","0.5206751779","1.4346264927","0.5555543079","0.9582506781","1","http://www.ensembl.org/id/ENSG00000180422"
"RP11-46C24.3","16","89232791..89235555","0","NaN","NaN","NaN","NaN","NaN","http://www.ensembl.org/id/ENSG00000205015"
"CDH15","16","89238175..89261900","11.3274860304","1.0831756247","2.1186945704","0.2558122903","0.9582506781","1","http://www.ensembl.org/id/ENSG00000129910"
"SLC22A31","16","complement(89262406..89268072)","2.5947779088","0.384286585","1.305214197","0.8334396858","0.9582506781","1","http://www.ensembl.org/id/ENSG00000259803"
"RP11-46C24.7","16","complement(89281638..89284061)","0","NaN","NaN","NaN","NaN","NaN","http://www.ensembl.org/id/ENSG00000259877"
"ZNF778","16","89284118..89295363","246.9582089049","0.0176449038","1.0123056139","0.9531142891","0.9582506781","1","http://www.ensembl.org/id/ENSG00000170100"
"RP11-46C24.6","16","complement(89293215..89295100)","0","NaN","NaN","NaN","NaN","NaN","http://www.ensembl.org/id/ENSG00000260659"
"RP11-46C24.5","16","complement(89323587..89333938)","0","NaN","NaN","NaN","NaN","NaN","http://www.ensembl.org/id/ENSG00000260637"
"ANKRD11","16","complement(89334038..89556969)","3021.9564028101","-0.0359505622","-1.025232105","0.8650946413","0.9582506781","1","http://www.ensembl.org/id/ENSG00000167522"
"AC137932.1","16","89334512..89339452","33.5266152528","-0.2922548239","-1.2245526666","0.7501117582","0.9582506781","1","http://www.ensembl.org/id/ENSG00000268218"
"AC137932.5","16","89363916..89364724","41.9313284128","0.955378609","1.9390884455","0.4451017032","0.9582506781","1","http://www.ensembl.org/id/ENSG00000260279"
"AC137932.6","16","89387541..89391518","12.1487717681","-0.1056602594","-1.0759867105","0.9329981398","0.9582506781","1","http://www.ensembl.org/id/ENSG00000261253"
"RP1-168P16.2","16","complement(89458783..89478972)","0","NaN","NaN","NaN","NaN","NaN","http://www.ensembl.org/id/ENSG00000261574"
"RP1-168P16.1","16","complement(89486483..89488634)","0","NaN","NaN","NaN","NaN","NaN","http://www.ensembl.org/id/ENSG00000261692"
"RNU6-430P","16","89509726..89509832","0","NaN","NaN","NaN","NaN","NaN","http://www.ensembl.org/id/ENSG00000252887"
"RP1-168P16.3","16","89525278..89525845","0","NaN","NaN","NaN","NaN","NaN","http://www.ensembl.org/id/ENSG00000270832"
"SPG7","16","89557325..89624176","1366.1528119684","-0.1005138064","-1.0721552356","0.6222280138","0.9582506781","1","http://www.ensembl.org/id/ENSG00000197912"
"RP11-104N10.1","16","complement(89558425..89570868)","48.6411334906","-0.1178877494","-1.0851449376","0.9230056912","0.9582506781","1","http://www.ensembl.org/id/ENSG00000261118"
"RNU7-117P","16","complement(89599924..89599962)","0","NaN","NaN","NaN","NaN","NaN","http://www.ensembl.org/id/ENSG00000252579"
"RPL13","16","89627065..89630950","76755.8688333488","-0.0590010803","-1.0417442091","0.8165128566","0.9582506781","1","http://www.ensembl.org/id/ENSG00000167526"
"SNORD68","16","89627842..89627925","0","NaN","NaN","NaN","NaN","NaN","http://www.ensembl.org/id/ENSG00000200084"
"CPNE7","16","89642176..89663654","154.4729193759","-0.2346429029","-1.1766154643","0.7579126201","0.9582506781","1","http://www.ensembl.org/id/ENSG00000178773"
"DPEP1","16","89679716..89704839","7.9780846095","3.9671645845","15.6399563872","0.1609117111","0.9582506781","1","http://www.ensembl.org/id/ENSG00000015413"
"CHMP1A","16","complement(89710839..89724253)","5661.8656613395","0.1455256479","1.1061336012","0.2573838082","0.9582506781","1","http://www.ensembl.org/id/ENSG00000131165"
"SPATA33","16","89724210..89737680","147.179197827","-0.327807931","-1.2551048854","0.5619602536","0.9582506781","1","http://www.ensembl.org/id/ENSG00000167523"
"CDK10","16","89747145..89762772","907.7014128103","-0.0930322778","-1.0666096441","0.7880605844","0.9582506781","1","http://www.ensembl.org/id/ENSG00000185324"
"RP11-368I7.4","16","complement(89749028..89752977)","51.4781178149","2.4843151664","5.5956866125","0.0810543659","0.9582506781","1","http://www.ensembl.org/id/ENSG00000260259"
"SPATA2L","16","complement(89762751..89768113)","533.2428122033","0.458879097","1.374473505","0.1124447869","0.9582506781","1","http://www.ensembl.org/id/ENSG00000158792"
"VPS9D1","16","complement(89773542..89787394)","2044.1888274185","0.0195889747","1.0136706428","0.9372381313","0.9582506781","1","http://www.ensembl.org/id/ENSG00000075399"
"VPS9D1-AS1","16","89778264..89784573","115.2635152921","0.0445977497","1.0313955669","0.9260428835","0.9582506781","1","http://www.ensembl.org/id/ENSG00000261373"
"ZNF276","16","89786808..89807311","472.7955147088","0.0756700998","1.0538504124","0.7509272338","0.9582506781","1","http://www.ensembl.org/id/ENSG00000158805"
"FANCA","16","complement(89803957..89883065)","87.9648614841","-0.3744417805","-1.2963378678","0.3061459231","0.9582506781","1","http://www.ensembl.org/id/ENSG00000187741"
"SPIRE2","16","89884587..89937727","152.189095328","-0.7429636573","-1.6736103251","4.316E-3","0.1242088549","1","http://www.ensembl.org/id/ENSG00000204991"
"TCF25","16","89940000..89977792","4945.407713019","-0.1132988731","-1.0816988283","0.6167171167","0.9582506781","1","http://www.ensembl.org/id/ENSG00000141002"
"RP11-566K11.7","16","89972565..89984641","16.6757594024","0.3845462183","1.3054491098","0.8333178453","0.9582506781","1","http://www.ensembl.org/id/ENSG00000267048"
"MC1R","16","89978527..89987385","249.3488477882","-0.0533443203","-1.0376675616","0.8616764019","0.9582506781","1","http://www.ensembl.org/id/ENSG00000258839"
"AC092143.1","16","89985273..89987375","217.0675307305","0.7428998406","1.6735362957","0.4857079157","0.9582506781","1","http://www.ensembl.org/id/ENSG00000256390"
"TUBB3_1","16","89985573..90002500","329.9434832779","-1.8818433085","-3.6854564446","5.298E-8","6.86E-6","1.372E-5","http://www.ensembl.org/id/ENSG00000198211"
"RP11-566K11.4","16","complement(89986235..89989070)","209.620491963","-1.4226074937","-2.6806957615","0.3375666133","0.9582506781","1","http://www.ensembl.org/id/ENSG00000259006"
"TUBB3_2","16","89987800..90005169","0","NaN","NaN","NaN","NaN","NaN","http://www.ensembl.org/id/ENSG00000258947"
